RUNNO,TRNO,R#,O#,P#,CR,MODEL,EXNAME,TNAM,FNAM,WSTA,WYEAR,SOIL_ID,LAT,LONG,ELEV,SDAT,PDAT,EDAT,ADAT,MDAT,HDAT,HYEAR,DWAP,CWAM,HWAM,HWAH,BWAH,PWAM,HWUM,H#AM,H#UM,HIAM,LAIX,FCWAM,FHWAM,HWAHF,FBWAH,FPWAM,IR#M,IRCM,PRCM,ETCM,EPCM,ESCM,ROCM,DRCM,SWXM,NI#M,NICM,NFXM,NUCM,NLCM,NIAM,NMINC,CNAM,GNAM,N2OEM,PI#M,PICM,PUPC,SPAM,KI#M,KICM,KUPC,SKAM,RECM,ONTAM,ONAM,OPTAM,OPAM,OCTAM,OCAM,CO2EM,CH4EM,DMPPM,DMPEM,DMPTM,DMPIM,YPPM,YPEM,YPTM,YPIM,DPNAM,DPNUM,YPNAM,YPNUM,NDCH,TMAXA,TMINA,SRADA,DAYLA,CO2A,PRCP,ETCP,ESCP,EPCP,CRST
1,1,1,1,1,MZ,MZCER048,CRMZ2501,CerealY                  ,GENERIC2,GGCP.WTH,1984,KE04568825,          1.875,         35.458,      -99,1984001,1984062,1984067,1984111,1984153,1984153,1984,-99,15123,5656,5656,0,9431,0.237000123,2387,477.300201,0.374006659,3.37333536,-99,-99,-99,-99,-99,29,476,111,643,361,282,2,0,0,2,100,0,129,0,12,31,109,76,0.701538324E-1,-99,-99,-99,-99,-99,-99,-99,-99,0,26412,26412,0,0,189016,189016,425,0.00000000,151.834885,30.2747402,41.9076843,31.7873230,56.7871513,11.3229332,15.6737232,11.8886480,151.227539,117.230652,56.5600014,43.8449631,91,33.1285706,18.1648350,23.0956059,12.0408411,344.161102,99.5999985,499.517212,141.902100,360.858734,1,
2,1,1,1,1,MZ,MZCER048,CRMZ2501,CerealY                  ,GENERIC2,GGCP.WTH,1985,KE04568825,          1.875,         35.458,      -99,1985001,1985061,1985067,1985115,1985164,1985164,1985,-99,15516,5981,5981,0,9881,0.276500136,2163,432.617096,0.385466188,3.49612522,-99,-99,-99,-99,-99,16,252,329,541,300,242,17,0,73,2,100,0,136,0,15,41,113,80,0.846202224E-1,-99,-99,-99,-99,-99,-99,-99,-99,0,26403,26403,0,0,188953,188953,521,0.00000000,51.5999565,37.3483086,51.8033752,61.5313568,19.8902550,14.3966675,19.9686680,23.7185154,155.161072,114.089027,59.8100014,43.9779396,103,30.0475693,17.4524288,20.6310673,12.0469084,345.597534,300.700012,415.443359,118.759842,299.519226,1,
3,1,1,1,1,MZ,MZCER048,CRMZ2501,CerealY                  ,GENERIC2,GGCP.WTH,1986,KE04568825,          1.875,         35.458,      -99,1986001,1986060,1986066,1986111,1986159,1986159,1986,-99,13815,5002,5002,0,8676,0.268600047,1862,372.421539,0.362038136,3.31403279,-99,-99,-99,-99,-99,19,310,298,574,304,271,12,0,73,2,100,0,134,0,14,39,107,74,0.901022628E-1,-99,-99,-99,-99,-99,-99,-99,-99,0,26405,26405,0,0,188939,188939,486,0.00000000,48.1197510,29.9784985,45.4727287,44.5455818,17.4225025,10.8541803,16.4641075,16.1284180,138.151794,103.098358,50.0200005,37.3283577,99,30.7191944,17.8888950,20.6666641,12.0430746,346.751221,287.099976,460.836273,159.419601,303.812408,1,
4,1,1,1,1,MZ,MZCER048,CRMZ2501,CerealY                  ,GENERIC2,GGCP.WTH,1987,KE04568825,          1.875,         35.458,      -99,1987001,1987060,1987065,1987111,1987156,1987156,1987,-99,14507,6089,6089,0,9628,0.268600017,2267,453.415894,0.419762284,3.32369328,-99,-99,-99,-99,-99,19,320,281,591,309,282,14,0,47,2,100,0,132,0,12,34,106,79,0.781990439E-1,-99,-99,-99,-99,-99,-99,-99,-99,0,26411,26411,0,0,189017,189017,460,0.00000000,58.1431808,30.6129227,46.9948654,45.3871574,24.4048100,12.8493576,19.7254562,19.0506420,145.067230,109.899422,60.8899994,46.1287880,96,31.1781158,18.5531235,20.5875034,12.0411644,348.375244,249.500000,473.875824,166.963058,308.687408,1,
5,1,1,1,1,MZ,MZCER048,CRMZ2501,CerealY                  ,GENERIC2,GGCP.WTH,1988,KE04568825,          1.875,         35.458,      -99,1988001,1988060,1988065,1988109,1988156,1988156,1988,-99,13786,5119,5119,0,8612,0.268599987,1906,381.146484,0.371290833,3.32652092,-99,-99,-99,-99,-99,15,252,340,536,291,244,12,0,95,2,100,0,134,0,16,40,108,75,0.753252059E-1,-99,-99,-99,-99,-99,-99,-99,-99,0,26404,26404,0,0,188918,188918,497,0.00000000,44.0885544,33.5047951,47.3408165,54.6811180,16.3703251,12.4405174,17.5779095,20.3034039,137.864883,102.884239,51.1899986,38.2014923,96,31.0864544,18.6927109,20.3156242,12.0411644,350.693970,312.699951,411.478058,122.865723,291.217804,1,
6,1,1,1,1,MZ,MZCER048,CRMZ2501,CerealY                  ,GENERIC2,GGCP.WTH,1989,KE04568825,          1.875,         35.458,      -99,1989001,1989060,1989065,1989113,1989160,1989160,1989,-99,13912,5224,5224,0,8514,0.268599927,1945,388.991150,0.375525892,3.39994240,-99,-99,-99,-99,-99,18,280,316,575,314,262,12,0,59,2,100,0,133,0,12,35,106,73,0.841861367E-1,-99,-99,-99,-99,-99,-99,-99,-99,0,26410,26410,0,0,189034,189034,486,0.00000000,46.6204987,31.6612797,44.3404694,49.7587929,17.5067005,11.8892889,16.6505165,18.6851768,139.115570,104.598175,52.2400017,39.2781944,100,30.7890034,17.5650005,20.9280033,12.0436964,352.452881,298.400024,439.387085,127.874557,313.744019,1,
7,1,1,1,1,MZ,MZCER048,CRMZ2501,CerealY                  ,GENERIC2,GGCP.WTH,1990,KE04568825,          1.875,         35.458,      -99,1990001,1990060,1990066,1990114,1990159,1990159,1990,-99,15442,5951,5951,0,10113,0.252800047,2354,470.798218,0.385377675,3.34190845,-99,-99,-99,-99,-99,20,325,208,561,289,272,6,0,16,2,100,0,130,0,12,33,109,79,0.318488181,-99,-99,-99,-99,-99,-99,-99,-99,0,26411,26411,0,0,189005,189005,454,0.00000000,91.8602753,36.5366364,53.4362144,47.5160255,35.4015503,14.0806627,20.5935020,18.3119526,154.417114,118.782394,59.5099983,45.7769241,99,30.2393913,18.2050514,21.2040424,12.0430746,353.651154,168.099991,422.636353,136.214645,288.974640,1,
8,1,1,1,1,MZ,MZCER048,CRMZ2501,CerealY                  ,GENERIC2,GGCP.WTH,1991,KE04568825,          1.875,         35.458,      -99,1991001,1991060,1991065,1991111,1991153,1991153,1991,-99,14810,5655,5655,0,9187,0.244900107,2309,461.855286,0.381869078,3.49934006,-99,-99,-99,-99,-99,21,341,221,566,331,234,8,0,40,2,100,0,131,0,12,34,110,77,0.755497068E-1,-99,-99,-99,-99,-99,-99,-99,-99,0,26409,26409,0,0,188995,188995,459,0.00000000,75.1768646,33.1715469,44.7390022,43.3698196,28.7055836,12.6662455,17.0831718,16.5603619,148.098419,113.052231,56.5499992,43.1679382,93,32.2913971,18.4612885,21.5473137,12.0391884,355.197906,197.000000,446.462219,118.043465,331.027527,1,
9,1,1,1,1,MZ,MZCER048,CRMZ2501,CerealY                  ,GENERIC2,GGCP.WTH,1992,KE04568825,          1.875,         35.458,      -99,1992001,1992060,1992065,1992110,1992152,1992152,1992,-99,15310,5829,5829,0,9508,0.237000048,2460,491.927765,0.380743772,3.47482729,-99,-99,-99,-99,-99,24,396,171,605,348,257,4,0,8,2,100,0,130,0,13,32,110,77,0.126814187,-99,-99,-99,-99,-99,-99,-99,-99,0,26411,26411,0,0,189017,189017,442,0.00000000,93.5844498,31.9105549,44.0074234,38.6727791,35.6295853,12.1490259,16.7545605,14.7235479,153.104156,117.772423,58.2900009,44.8384628,92,33.0402184,18.6793499,23.0347843,12.0385160,356.030670,163.599991,479.791565,135.586853,347.905273,1,
10,1,1,1,1,MZ,MZCER048,CRMZ2501,CerealY                  ,GENERIC2,GGCP.WTH,1993,KE04568825,          1.875,         35.458,      -99,1993001,1993061,1993066,1993111,1993154,1993154,1993,-99,14512,5596,5596,0,8583,0.252800047,2214,442.724762,0.385615081,3.41775274,-99,-99,-99,-99,-99,22,375,222,621,341,280,4,0,22,2,100,0,129,0,12,31,106,72,0.697522759E-1,-99,-99,-99,-99,-99,-99,-99,-99,0,26413,26413,0,0,189029,189029,447,0.00000000,92.7876663,31.6549015,42.5484200,38.7131004,35.7800522,12.2065153,16.4071884,14.9282427,145.119904,112.496048,55.9599991,43.3798447,93,32.3043022,18.1290379,22.8247395,12.0406780,356.600464,156.399994,458.443695,120.041168,341.070007,1,
11,1,1,1,1,MZ,MZCER048,CRMZ2501,CerealY                  ,GENERIC2,GGCP.WTH,1994,KE04568825,          1.875,         35.458,      -99,1994001,1994060,1994065,1994110,1994155,1994155,1994,-99,14528,5403,5403,0,8605,0.260700136,2072,414.468781,0.371873051,3.43296909,-99,-99,-99,-99,-99,21,348,182,562,326,236,4,0,15,2,100,0,130,0,13,34,107,72,0.711312443E-1,-99,-99,-99,-99,-99,-99,-99,-99,0,26411,26411,0,0,189026,189026,469,0.00000000,86.0159149,32.3852234,44.5861282,41.7241821,31.9893475,12.0440760,16.5815964,15.5172377,145.280853,111.754509,54.0299988,41.5615387,95,32.0252609,18.4842091,21.9947414,12.0405130,358.189514,168.899979,448.602295,125.606651,325.843170,1,
12,1,1,1,1,MZ,MZCER048,CRMZ2501,CerealY                  ,GENERIC2,GGCP.WTH,1995,KE04568825,          1.875,         35.458,      -99,1995001,1995060,1995065,1995109,1995153,1995153,1995,-99,14166,5220,5220,0,8687,0.244899958,2131,426.290100,0.368487537,3.28512645,-99,-99,-99,-99,-99,24,413,171,597,333,264,9,0,29,2,100,0,131,0,12,34,108,74,0.731410310E-1,-99,-99,-99,-99,-99,-99,-99,-99,0,26410,26410,0,0,188996,188996,451,0.00000000,93.0736008,29.8602486,42.5932770,34.3081741,34.2969780,11.0032949,15.6953287,12.6423244,141.658020,108.135895,52.2000008,39.8473282,93,32.2537651,18.3193531,21.7677402,12.0391884,360.276306,152.199997,474.403351,144.498016,332.583038,1,
13,1,1,1,1,MZ,MZCER048,CRMZ2501,CerealY                  ,GENERIC2,GGCP.WTH,1996,KE04568825,          1.875,         35.458,      -99,1996001,1996060,1996066,1996111,1996156,1996156,1996,-99,15554,6179,6179,0,9751,0.252799958,2444,488.836639,0.397260368,3.46700335,-99,-99,-99,-99,-99,20,325,264,583,318,265,8,0,49,2,100,0,132,0,12,35,110,77,0.753477067E-1,-99,-99,-99,-99,-99,-99,-99,-99,0,26409,26409,0,0,188991,188991,472,0.00000000,67.3323212,34.5193748,48.9589615,47.8872070,26.7489185,13.7134132,19.4497871,19.0240135,155.537659,117.831558,61.7900009,46.8106079,96,31.5822906,18.3927040,21.3687534,12.0411644,362.147003,231.000000,450.580750,134.885468,317.689850,1,
14,1,1,1,1,MZ,MZCER048,CRMZ2501,CerealY                  ,GENERIC2,GGCP.WTH,1997,KE04568825,          1.875,         35.458,      -99,1997001,1997060,1997065,1997111,1997156,1997156,1997,-99,13831,4899,4899,0,8545,0.252800107,1938,387.561401,0.354191512,3.33742499,-99,-99,-99,-99,-99,19,299,320,568,310,258,22,0,80,2,100,0,135,0,15,40,107,72,0.924531817E-1,-99,-99,-99,-99,-99,-99,-99,-99,0,26404,26404,0,0,188956,188956,503,0.00000000,43.1944847,31.1905231,44.5935287,46.1980324,15.2998123,11.0479183,15.7953644,16.3636913,138.308746,102.450920,48.9900017,36.2888870,96,31.3708324,18.0291595,22.2593746,12.0411644,363.276367,320.200012,443.431946,136.588058,310.154297,1,
15,1,1,1,1,MZ,MZCER048,CRMZ2501,CerealY                  ,GENERIC2,GGCP.WTH,1998,KE04568825,          1.875,         35.458,      -99,1998001,1998060,1998065,1998109,1998152,1998152,1998,-99,14893,5821,5821,0,9128,0.244899988,2377,475.417572,0.390883744,3.44745779,-99,-99,-99,-99,-99,21,351,193,572,327,245,2,0,21,2,100,0,130,0,13,33,110,76,0.704672635E-1,-99,-99,-99,-99,-99,-99,-99,-99,0,26410,26410,0,0,188986,188986,454,0.00000000,101.729126,33.8004951,45.5326767,42.4269180,39.7609253,13.2109547,17.7964897,16.5826015,148.931458,114.562660,58.2099991,44.7769241,92,32.7152100,19.2087002,22.0347862,12.0385160,365.753357,146.400009,440.619171,116.440918,327.086975,1,
16,1,1,1,1,MZ,MZCER048,CRMZ2501,CerealY                  ,GENERIC2,GGCP.WTH,1999,KE04568825,          1.875,         35.458,      -99,1999001,1999060,1999065,1999109,1999155,1999155,1999,-99,14884,6029,6029,0,9772,0.260700136,2313,462.514862,0.405063868,3.19727445,-99,-99,-99,-99,-99,23,380,170,584,309,276,7,0,9,2,100,0,130,0,13,33,106,78,0.153699324,-99,-99,-99,-99,-99,-99,-99,-99,0,26411,26411,0,0,189006,189006,454,0.00000000,90.7547989,32.0405579,48.2024727,39.1433296,36.7621956,12.9787216,19.5254536,15.8558531,148.837875,114.490669,60.2900009,46.3769226,95,31.3178940,18.2747364,22.3621025,12.0405130,367.999969,164.000000,464.529572,158.272476,308.776428,1,
17,1,1,1,1,MZ,MZCER048,CRMZ2501,CerealY                  ,GENERIC2,GGCP.WTH,2000,KE04568825,          1.875,         35.458,      -99,2000001,2000060,2000065,2000110,2000152,2000152,2000,-99,14820,5796,5796,0,8973,0.244899958,2367,473.306702,0.391074896,3.39711738,-99,-99,-99,-99,-99,28,471,94,605,347,258,1,0,9,2,100,0,129,0,12,32,106,73,0.713704526E-1,-99,-99,-99,-99,-99,-99,-99,-99,0,26413,26413,0,0,189034,189034,447,0.00000000,169.175461,30.8611813,42.6508369,31.4820137,66.1643829,12.0697832,16.6807079,12.3125906,148.197693,114.881935,57.9599991,44.9302330,92,33.0869637,18.6913071,22.9934807,12.0385160,368.980927,87.5999985,480.207458,136.309570,347.467255,1,
18,1,1,1,1,MZ,MZCER048,CRMZ2501,CerealY                  ,GENERIC2,GGCP.WTH,2001,KE04568825,          1.875,         35.458,      -99,2001001,2001060,2001065,2001110,2001153,2001153,2001,-99,14328,5414,5414,0,9173,0.236999944,2284,456.841736,0.377832711,3.25347281,-99,-99,-99,-99,-99,20,326,231,571,303,268,7,0,30,2,100,0,133,0,12,35,106,75,0.745576024E-1,-99,-99,-99,-99,-99,-99,-99,-99,0,26409,26409,0,0,188979,188979,460,0.00000000,70.3040466,33.5286789,47.2512627,43.9128494,26.5652599,12.6692286,17.8544788,16.5930176,143.279648,107.729057,54.1399994,40.7067680,93,32.1000023,18.6182785,22.0376396,12.0391884,370.548645,203.800003,427.334625,126.794823,303.229248,1,
19,1,1,1,1,MZ,MZCER048,CRMZ2501,CerealY                  ,GENERIC2,GGCP.WTH,2002,KE04568825,          1.875,         35.458,      -99,2002001,2002060,2002066,2002111,2002156,2002156,2002,-99,14891,5645,5645,0,9216,0.252799928,2233,446.595032,0.379097044,3.46768808,-99,-99,-99,-99,-99,22,352,263,596,319,276,15,0,56,2,100,0,134,0,12,37,112,77,0.900496468E-1,-99,-99,-99,-99,-99,-99,-99,-99,0,26407,26407,0,0,188959,188959,481,0.00000000,57.6259346,31.6198425,46.6262665,42.2733002,21.8459759,11.9870739,17.6760044,16.0257950,148.905411,111.123444,56.4500008,42.1268654,96,31.7333279,18.2197895,21.4239578,12.0411644,372.380981,258.399994,470.923950,154.765381,319.359497,1,
20,1,1,1,1,MZ,MZCER048,CRMZ2501,CerealY                  ,GENERIC2,GGCP.WTH,2003,KE04568825,          1.875,         35.458,      -99,2003001,2003061,2003066,2003111,2003158,2003158,2003,-99,13792,4834,4834,0,7932,0.260699898,1854,370.827423,0.350473791,3.42245531,-99,-99,-99,-99,-99,16,267,390,545,308,238,26,0,136,2,100,0,135,0,17,42,111,71,0.738239586E-1,-99,-99,-99,-99,-99,-99,-99,-99,0,26402,26402,0,0,188929,188929,538,0.00000000,36.3234024,31.9756088,44.8435287,51.7257652,12.7311010,11.2072296,15.7173471,18.1295242,137.919983,102.162949,48.3400002,35.8074074,97,31.1958866,18.4371128,21.3195858,12.0432615,374.992065,379.700073,431.328705,126.469498,307.558258,1,
21,1,1,1,1,MZ,MZCER048,CRMZ2501,CerealY                  ,GENERIC2,GGCP.WTH,2004,KE04568825,          1.875,         35.458,      -99,2004001,2004060,2004065,2004111,2004156,2004156,2004,-99,15581,6057,6057,0,9753,0.252799898,2396,479.196899,0.388745397,3.41440034,-99,-99,-99,-99,-99,19,304,246,554,306,248,7,0,40,2,100,0,134,0,12,36,114,81,0.732815117E-1,-99,-99,-99,-99,-99,-99,-99,-99,0,26407,26407,0,0,188969,188969,476,0.00000000,68.3377686,36.2478371,50.9782295,51.2135048,26.5657902,14.0910711,19.8174000,19.9088612,155.810120,116.276207,60.5699997,45.2014923,96,31.2593708,18.5177059,22.1895828,12.0411644,376.968781,228.000000,429.846680,127.290863,305.640503,1,
22,1,1,1,1,MZ,MZCER048,CRMZ2501,CerealY                  ,GENERIC2,GGCP.WTH,2005,KE04568825,          1.875,         35.458,      -99,2005001,2005060,2005065,2005108,2005154,2005154,2005,-99,15141,6648,6648,0,10182,0.268599987,2475,495.007782,0.439067215,3.30583906,-99,-99,-99,-99,-99,21,347,220,570,310,261,3,0,45,2,100,0,129,0,13,32,108,80,0.676170290E-1,-99,-99,-99,-99,-99,-99,-99,-99,0,26411,26411,0,0,188992,188992,457,0.00000000,77.2898712,34.4922562,48.9184952,43.6338272,33.9356804,15.1445227,21.4786549,19.1583138,151.410858,117.372757,66.4800034,51.5348854,94,31.5425606,19.0074463,21.5925522,12.0398550,378.949219,195.900009,438.970581,132.492142,309.516602,1,
23,1,1,1,1,MZ,MZCER048,CRMZ2501,CerealY                  ,GENERIC2,GGCP.WTH,2006,KE04568825,          1.875,         35.458,      -99,2006001,2006060,2006066,2006111,2006155,2006155,2006,-99,14726,5616,5616,0,9369,0.244900033,2293,458.619232,0.381359071,3.35091043,-99,-99,-99,-99,-99,21,340,222,579,305,274,9,0,25,2,100,0,133,0,11,35,108,76,0.226515576,-99,-99,-99,-99,-99,-99,-99,-99,0,26409,26409,0,0,189002,189002,462,0.00000000,71.8328629,33.5807533,48.3499908,43.2571487,27.3951206,12.8067961,18.4393864,16.4971123,147.257370,110.719826,56.1599998,42.2255630,95,31.5589428,18.6368427,21.4315796,12.0405130,381.295135,205.000015,438.517181,136.898346,304.565460,1,
24,1,1,1,1,MZ,MZCER048,CRMZ2501,CerealY                  ,GENERIC2,GGCP.WTH,2007,KE04568825,          1.875,         35.458,      -99,2007001,2007060,2007065,2007110,2007154,2007154,2007,-99,15470,6000,6000,0,9558,0.244900063,2450,489.957397,0.387809694,3.41221523,-99,-99,-99,-99,-99,19,319,304,577,327,250,14,0,83,2,100,0,132,0,13,35,111,77,0.734821558E-1,-99,-99,-99,-99,-99,-99,-99,-99,0,26409,26409,0,0,188978,188978,477,0.00000000,60.1722870,34.6976204,47.3666153,48.5440292,23.3372231,13.4571276,18.3706703,18.8273182,154.702942,117.199203,60.0000000,45.4545441,94,31.9893589,18.6063881,22.4702148,12.0398550,383.081726,257.100006,445.860382,121.766281,326.607574,1,
25,1,1,1,1,MZ,MZCER048,CRMZ2501,CerealY                  ,GENERIC2,GGCP.WTH,2008,KE04568825,          1.875,         35.458,      -99,2008001,2008060,2008065,2008111,2008155,2008155,2008,-99,15549,5772,5772,0,9625,0.244899958,2357,471.341400,0.371187717,3.42595768,-99,-99,-99,-99,-99,25,402,160,591,331,261,2,0,20,2,100,0,129,0,12,32,108,75,0.295101374,-99,-99,-99,-99,-99,-99,-99,-99,0,26412,26412,0,0,189034,189034,446,0.00000000,106.063690,34.3275642,46.9829102,38.7230606,39.3724403,12.7429104,17.4407654,14.3745842,155.489380,120.534401,57.7200012,44.7441864,95,31.8073711,18.4084187,22.4294720,12.0405130,384.927185,146.600006,452.957764,124.392616,330.948792,1,
26,1,1,1,1,MZ,MZCER048,CRMZ2501,CerealY                  ,GENERIC2,GGCP.WTH,2009,KE04568825,          1.875,         35.458,      -99,2009001,2009061,2009066,2009112,2009155,2009155,2009,-99,14643,5508,5508,0,8525,0.252800077,2179,435.778137,0.376163036,3.51429987,-99,-99,-99,-99,-99,23,377,168,580,334,246,6,0,11,2,100,0,130,0,12,33,108,72,0.700173378E-1,-99,-99,-99,-99,-99,-99,-99,-99,0,26411,26411,0,0,189025,189025,458,0.00000000,93.1502457,32.1763802,43.8769035,38.8113556,35.0381699,12.1030436,16.5041580,14.5987682,146.432175,112.640137,55.0800018,42.3692322,94,32.1808548,18.9776630,22.1478710,12.0413351,386.855804,157.199997,455.092133,124.906799,333.734070,1,
27,1,1,1,1,MZ,MZCER048,CRMZ2501,CerealY                  ,GENERIC2,GGCP.WTH,2010,KE04568825,          1.875,         35.458,      -99,2010001,2010062,2010068,2010115,2010161,2010161,2010,-99,15400,6269,6269,0,10135,0.268599898,2334,466.797699,0.407078832,3.42091560,-99,-99,-99,-99,-99,15,241,301,563,272,292,8,0,22,2,100,0,135,0,12,37,109,81,0.850258023E-1,-99,-99,-99,-99,-99,-99,-99,-99,0,26407,26407,0,0,188974,188974,491,0.00000000,62.8322716,37.7570305,56.6889114,63.9124107,25.5773163,15.3698645,23.0765209,26.0170116,154.001892,114.075478,62.6899986,46.4370384,99,29.2393990,18.5797997,21.2848473,12.0459328,389.334595,245.099991,407.876068,138.917862,271.661407,1,
28,1,1,1,1,MZ,MZCER048,CRMZ2501,CerealY                  ,GENERIC2,GGCP.WTH,2011,KE04568825,          1.875,         35.458,      -99,2011001,2011060,2011065,2011109,2011153,2011153,2011,-99,14747,5574,5574,0,9367,0.244899958,2276,455.174835,0.377939939,3.30155778,-99,-99,-99,-99,-99,25,413,132,576,318,257,12,0,7,2,100,0,130,0,13,34,106,75,0.752740651E-1,-99,-99,-99,-99,-99,-99,-99,-99,0,26411,26411,0,0,189007,189007,450,0.00000000,117.790398,32.3123245,46.3612747,35.7474403,44.5207672,12.2129602,17.5229855,13.5113182,147.473572,113.441208,55.7400017,42.8769226,93,31.8376350,18.6892452,22.4795704,12.0391884,391.213257,125.199997,456.400391,140.609726,318.096466,1,
29,1,1,1,1,MZ,MZCER048,CRMZ2501,CerealY                  ,GENERIC2,GGCP.WTH,2012,KE04568825,          1.875,         35.458,      -99,2012001,2012060,2012066,2012112,2012160,2012160,2012,-99,15320,5970,5970,0,9330,0.276499927,2159,431.808563,0.389667958,3.45762420,-99,-99,-99,-99,-99,18,289,370,556,308,248,21,0,133,2,100,0,133,0,18,41,110,76,0.737430006E-1,-99,-99,-99,-99,-99,-99,-99,-99,0,26403,26403,0,0,188956,188956,535,0.00000000,41.7327766,35.0949249,49.7299156,52.9990730,16.2626019,13.6759367,19.3789597,20.6528988,153.200989,115.188721,59.7000008,44.8872185,100,30.4470024,18.4409962,21.9339981,12.0436964,393.344543,367.099945,436.533173,130.984573,308.066071,1,
30,1,1,1,1,MZ,MZCER048,CRMZ2501,CerealY                  ,GENERIC2,GGCP.WTH,2013,KE04568825,          1.875,         35.458,      -99,2013001,2013060,2013065,2013111,2013157,2013157,2013,-99,15593,6131,6131,0,10225,0.260700047,2352,470.355896,0.393189669,3.34470654,-99,-99,-99,-99,-99,15,235,366,546,291,255,21,0,84,2,100,0,135,0,15,40,109,80,0.273801714,-99,-99,-99,-99,-99,-99,-99,-99,0,26405,26405,0,0,188966,188966,516,0.00000000,44.7694931,37.8210602,53.4944458,66.3754044,17.6026402,14.8706293,21.0331516,26.0977364,155.932144,115.505295,61.3100014,45.4148140,97,30.5824738,18.6670132,22.1030903,12.0418081,396.044464,348.300018,412.289215,123.231667,291.492218,1,
31,1,1,1,1,MZ,MZCER048,CRMZ2501,CerealY                  ,GENERIC2,GGCP.WTH,2014,KE04568825,          1.875,         35.458,      -99,2014001,2014060,2014065,2014110,2014152,2014152,2014,-99,15399,6383,6383,0,10342,0.244504988,2610,522.081421,0.414490491,3.27477908,-99,-99,-99,-99,-99,26,433,80,551,312,240,3,0,10,2,100,0,129,0,13,32,107,80,0.730973408E-1,-99,-99,-99,-99,-99,-99,-99,-99,0,26411,26411,0,0,189002,189002,440,0.00000000,207.528381,35.6145020,49.4108849,35.5244865,86.0242615,14.7628536,20.4817047,14.7255402,153.986053,119.369034,63.8300018,49.4806213,92,31.8967361,18.8782597,22.3086967,12.0385160,398.224030,74.1999969,432.368988,123.483154,311.643982,1,
32,1,1,1,1,MZ,MZCER048,CRMZ2501,CerealY                  ,GENERIC2,GGCP.WTH,2015,KE04568825,          1.875,         35.458,      -99,2015001,2015060,2015065,2015113,2015158,2015158,2015,-99,15406,5646,5646,0,9230,0.252800047,2234,446.713287,0.366499424,3.46821737,-99,-99,-99,-99,-99,19,309,218,533,303,230,9,0,36,2,100,0,134,0,12,36,111,74,0.904636979E-1,-99,-99,-99,-99,-99,-99,-99,-99,0,26408,26408,0,0,189011,189011,487,0.00000000,72.2629242,37.2485313,50.8698387,49.8543510,26.4821739,13.6504593,18.6422558,18.2701111,154.064575,114.973557,56.4599991,42.1343269,98,30.8469334,18.7234688,22.0438786,12.0424452,400.235657,213.200012,413.612457,113.397537,302.860352,1,
33,1,1,1,1,MZ,MZCER048,CRMZ2501,CerealY                  ,GENERIC2,GGCP.WTH,2016,KE04568825,          1.875,         35.458,      -99,2016001,2016060,2016065,2016109,2016154,2016154,2016,-99,16074,6706,6706,0,10356,0.268600047,2497,499.360138,0.417222321,3.47059798,-99,-99,-99,-99,-99,18,284,302,561,311,250,10,0,67,2,100,0,135,0,12,38,114,83,0.828086063E-1,-99,-99,-99,-99,-99,-99,-99,-99,0,26406,26406,0,0,188955,188955,498,0.00000000,55.6384430,37.4606438,51.6708107,56.5292816,23.2121868,15.6284657,21.5569019,23.5838413,160.739441,119.066254,67.0599976,49.6740723,94,31.5393639,19.6265965,22.2063866,12.0398550,403.466309,288.899963,429.088837,121.332695,311.083649,1,
34,1,1,1,1,MZ,MZCER048,CRMZ2501,CerealY                  ,GENERIC2,GGCP.WTH,2017,KE04568825,          1.875,         35.458,      -99,2017001,2017060,2017065,2017108,2017151,2017151,2017,-99,14761,5677,5677,0,9199,0.244850665,2319,463.744446,0.384619206,3.37726212,-99,-99,-99,-99,-99,24,404,139,581,324,257,1,0,11,2,100,0,130,0,13,33,107,75,0.686009079E-1,-99,-99,-99,-99,-99,-99,-99,-99,0,26411,26411,0,0,189009,189009,454,0.00000000,147.758865,33.1116486,45.5014343,36.5147591,56.8268204,12.7344637,17.4994717,14.0432711,147.611115,113.547012,56.7700005,43.6692314,91,32.5197830,19.1406612,22.7527466,12.0378361,405.991241,99.9000092,445.798126,123.948578,324.409790,1,
35,1,1,1,1,MZ,MZCER048,CRMZ2501,CerealY                  ,GENERIC2,GGCP.WTH,2018,KE04568825,          1.875,         35.458,      -99,2018001,2018061,2018067,2018117,2018167,2018167,2018,-99,15474,6715,6715,0,10634,0.292299956,2297,459.429749,0.433927983,3.17152739,-99,-99,-99,-99,-99,12,186,572,528,259,269,33,38,210,2,100,0,134,2,23,51,110,84,0.154259190,-99,-99,-99,-99,-99,-99,-99,-99,0,26394,26394,0,0,188857,188857,606,0.00000000,28.1548691,38.6212997,59.6780701,83.2823715,12.2179785,16.7599506,25.8976631,36.1408958,154.739136,115.476967,67.1500015,50.1119385,106,27.9745293,18.0349102,19.3226414,12.0486212,407.926270,549.599915,400.657501,143.596100,259.289795,1,
36,1,1,1,1,MZ,MZCER048,CRMZ2501,CerealY                  ,GENERIC2,GGCP.WTH,2019,KE04568825,          1.875,         35.458,      -99,2019001,2019060,2019065,2019108,2019150,2019150,2019,-99,14727,5355,5355,0,8670,0.236851841,2261,452.157837,0.363589138,3.46224999,-99,-99,-99,-99,-99,26,437,127,602,342,260,1,0,13,2,100,0,129,0,13,32,107,71,0.688772798E-1,-99,-99,-99,-99,-99,-99,-99,-99,0,26412,26412,0,0,189027,189027,453,0.00000000,121.213135,30.9066944,43.0638313,33.6968651,44.0740776,11.2379246,15.6583586,12.2524529,147.273941,114.165848,53.5499992,41.5116272,90,32.9600029,19.5344429,23.3266678,12.0371504,410.748596,121.499992,476.511475,137.674255,341.989868,1,
37,1,1,1,1,MZ,MZCER048,CRMZ2501,CerealY                  ,GENERIC2,GGCP.WTH,2020,KE04568825,          1.875,         35.458,      -99,2020001,2020060,2020066,2020113,2020161,2020161,2020,-99,15021,5581,5581,0,9706,0.268600076,2078,415.543030,0.371520549,3.42497683,-99,-99,-99,-99,-99,14,226,448,567,277,290,16,0,141,2,100,0,135,0,16,42,107,76,0.789628625E-1,-99,-99,-99,-99,-99,-99,-99,-99,0,26403,26403,0,0,188957,188957,537,0.00000000,35.8933296,35.6576500,54.2124825,66.4904251,13.3357201,13.2481556,20.1419735,24.7036896,150.213608,111.269341,55.8100014,41.3407402,101,29.2821751,18.7514820,21.0841579,12.0443106,413.360046,418.500092,421.266174,146.098022,277.083069,1,
